-- phpMyAdmin SQL Dump
-- version 3.4.11.1deb2
-- http://www.phpmyadmin.net
--
-- Хост: localhost
-- Время создания: Авг 21 2015 г., 23:05
-- Версия сервера: 5.5.35
-- Версия PHP: 5.4.4-14+deb7u7

SET SQL_MODE="NO_AUTO_VALUE_ON_ZERO";
SET time_zone = "+00:00";


/*!40101 SET @OLD_CHARACTER_SET_CLIENT=@@CHARACTER_SET_CLIENT */;
/*!40101 SET @OLD_CHARACTER_SET_RESULTS=@@CHARACTER_SET_RESULTS */;
/*!40101 SET @OLD_COLLATION_CONNECTION=@@COLLATION_CONNECTION */;
/*!40101 SET NAMES utf8 */;

--
-- База данных: `wincalc`
--

-- --------------------------------------------------------

--
-- Структура таблицы `currency`
--

CREATE TABLE IF NOT EXISTS `currency` (
  `id` int(11) NOT NULL AUTO_INCREMENT,
  `nam` varchar(10) NOT NULL,
  `mult` double DEFAULT '100',
  PRIMARY KEY (`id`)
) ENGINE=InnoDB  DEFAULT CHARSET=utf8 AUTO_INCREMENT=6 ;

--
-- Дамп данных таблицы `currency`
--

INSERT INTO `currency` (`id`, `nam`, `mult`) VALUES
(2, 'EUR', 100),
(3, 'USD', 100),
(4, 'UAH', 1),
(5, 'EUR0', 100);

-- --------------------------------------------------------

--
-- Структура таблицы `curs`
--

CREATE TABLE IF NOT EXISTS `curs` (
  `id` int(11) NOT NULL AUTO_INCREMENT,
  `dat` date NOT NULL,
  `cur_nam` varchar(10) NOT NULL,
  `price` double DEFAULT '0',
  PRIMARY KEY (`id`)
) ENGINE=InnoDB  DEFAULT CHARSET=utf8 AUTO_INCREMENT=11 ;

--
-- Дамп данных таблицы `curs`
--

INSERT INTO `curs` (`id`, `dat`, `cur_nam`, `price`) VALUES
(2, '2015-07-05', 'EUR0', 2550),
(5, '2015-07-25', '', 2650),
(6, '2015-07-24', '', 2610),
(7, '2015-07-25', 'EUR', 2600),
(8, '2015-07-18', 'EUR', 2650),
(9, '1980-01-01', 'UAH', 1),
(10, '2015-07-25', 'USD', 2150);

-- --------------------------------------------------------

--
-- Структура таблицы `glass`
--

CREATE TABLE IF NOT EXISTS `glass` (
  `id` int(11) NOT NULL AUTO_INCREMENT,
  `nam` varchar(50) NOT NULL,
  `description` varchar(150) DEFAULT '',
  `cur_name` varchar(10) DEFAULT 'UAH',
  `price` decimal(15,2) DEFAULT '0.00',
  PRIMARY KEY (`id`)
) ENGINE=InnoDB  DEFAULT CHARSET=utf8 AUTO_INCREMENT=6 ;

--
-- Дамп данных таблицы `glass`
--

INSERT INTO `glass` (`id`, `nam`, `description`, `cur_name`, `price`) VALUES
(1, '4/10/4/10/4', '', 'UAH', 56.00),
(2, '4/16/4', '', 'UAH', 61.30),
(3, '4/2Ar/4i', '', 'UAH', 75.00),
(4, '4/8/4', '', 'UAH', 50.00),
(5, '4-16-4-16-4', 'двухкамерный обычный', 'UAH', 50.00);

-- --------------------------------------------------------

--
-- Структура таблицы `groups`
--

CREATE TABLE IF NOT EXISTS `groups` (
  `id` mediumint(8) unsigned NOT NULL AUTO_INCREMENT,
  `name` varchar(20) NOT NULL,
  `description` varchar(100) NOT NULL,
  PRIMARY KEY (`id`)
) ENGINE=InnoDB  DEFAULT CHARSET=utf8 AUTO_INCREMENT=3 ;

--
-- Дамп данных таблицы `groups`
--

INSERT INTO `groups` (`id`, `name`, `description`) VALUES
(1, 'admin', 'Administrator'),
(2, 'members', 'General User');

-- --------------------------------------------------------

--
-- Структура таблицы `login_attempts`
--

CREATE TABLE IF NOT EXISTS `login_attempts` (
  `id` int(11) unsigned NOT NULL AUTO_INCREMENT,
  `ip_address` varchar(15) NOT NULL,
  `login` varchar(100) NOT NULL,
  `time` int(11) unsigned DEFAULT NULL,
  PRIMARY KEY (`id`)
) ENGINE=InnoDB DEFAULT CHARSET=utf8 AUTO_INCREMENT=1 ;

-- --------------------------------------------------------

--
-- Структура таблицы `profil`
--

CREATE TABLE IF NOT EXISTS `profil` (
  `id` int(11) NOT NULL AUTO_INCREMENT,
  `sym` varchar(20) NOT NULL,
  `description` varchar(250) DEFAULT '',
  PRIMARY KEY (`id`)
) ENGINE=InnoDB  DEFAULT CHARSET=utf8 AUTO_INCREMENT=6 ;

--
-- Дамп данных таблицы `profil`
--

INSERT INTO `profil` (`id`, `sym`, `description`) VALUES
(1, 'BrD_70', '70мм BrD70'),
(2, 'ED_70', '70мм ED70'),
(3, 'ED_TD_60', '60мм Системы');

-- --------------------------------------------------------

--
-- Структура таблицы `users`
--

CREATE TABLE IF NOT EXISTS `users` (
  `id` int(11) unsigned NOT NULL AUTO_INCREMENT,
  `ip_address` varchar(15) NOT NULL,
  `username` varchar(100) NOT NULL,
  `password` varchar(255) NOT NULL,
  `salt` varchar(255) DEFAULT NULL,
  `email` varchar(100) NOT NULL,
  `activation_code` varchar(40) DEFAULT NULL,
  `forgotten_password_code` varchar(40) DEFAULT NULL,
  `forgotten_password_time` int(11) unsigned DEFAULT NULL,
  `remember_code` varchar(40) DEFAULT NULL,
  `created_on` int(11) unsigned NOT NULL,
  `last_login` int(11) unsigned DEFAULT NULL,
  `active` tinyint(1) unsigned DEFAULT NULL,
  `first_name` varchar(50) DEFAULT NULL,
  `last_name` varchar(50) DEFAULT NULL,
  `company` varchar(100) DEFAULT NULL,
  `phone` varchar(20) DEFAULT NULL,
  PRIMARY KEY (`id`)
) ENGINE=InnoDB  DEFAULT CHARSET=utf8 AUTO_INCREMENT=24 ;

--
-- Дамп данных таблицы `users`
--

INSERT INTO `users` (`id`, `ip_address`, `username`, `password`, `salt`, `email`, `activation_code`, `forgotten_password_code`, `forgotten_password_time`, `remember_code`, `created_on`, `last_login`, `active`, `first_name`, `last_name`, `company`, `phone`) VALUES
(1, '127.0.0.1', 'administrator', '$2a$07$SeBknntpZror9uyftVopmu61qg0ms8Qv1yV6FG.kQOSM.9QhmTo36', '', 'admin@admin.com', '', NULL, NULL, NULL, 1268889823, 1440158828, 1, 'Admin', 'Adminenko', 'ADMIN', '0'),
(2, '192.168.1.46', 'tom', '$2y$08$XTH1H3Ueg3S5XrwVSRX2Leyo9Vfu/t0wERrfmYX4w5OJqq8poRjBq', NULL, 'to@a.b', NULL, NULL, NULL, NULL, 1439298318, NULL, 1, 'tom', 'smith', 'tom_smith', '123456'),
(22, '192.168.1.46', 'www', '$2y$08$cnrpcKwNcQoJYD96tlEXP.oQuCer9CMJvyers7WGgd/TT205k66fC', NULL, 'www@a.b', NULL, NULL, NULL, NULL, 1439377818, NULL, 1, '', '', '', ''),
(23, '192.168.1.46', 'wwwa', '$2y$08$urrd.p/L/3nnR3RVlM6rS./AmQFQKNs3r2cRVWpwi1zUeSUfNZmNC', NULL, 'wwwa@a.b', NULL, NULL, NULL, NULL, 1439377845, 1439377872, 1, 'Вася', 'Сидоров', 'АРКА', '123456');

-- --------------------------------------------------------

--
-- Структура таблицы `users_calc`
--

CREATE TABLE IF NOT EXISTS `users_calc` (
  `id` int(11) NOT NULL AUTO_INCREMENT,
  `user_id` int(11) NOT NULL,
  `mater` decimal(10,2) DEFAULT '0.00',
  `prod` decimal(10,2) DEFAULT '0.00',
  PRIMARY KEY (`id`)
) ENGINE=InnoDB  DEFAULT CHARSET=utf8 AUTO_INCREMENT=4 ;

--
-- Дамп данных таблицы `users_calc`
--

INSERT INTO `users_calc` (`id`, `user_id`, `mater`, `prod`) VALUES
(1, 2, 4.00, 950.00),
(2, 22, 4.00, 950.00),
(3, 23, 4.00, 950.00);

-- --------------------------------------------------------

--
-- Структура таблицы `users_groups`
--

CREATE TABLE IF NOT EXISTS `users_groups` (
  `id` int(11) unsigned NOT NULL AUTO_INCREMENT,
  `user_id` int(11) unsigned NOT NULL,
  `group_id` mediumint(8) unsigned NOT NULL,
  PRIMARY KEY (`id`),
  UNIQUE KEY `uc_users_groups` (`user_id`,`group_id`),
  KEY `fk_users_groups_users1_idx` (`user_id`),
  KEY `fk_users_groups_groups1_idx` (`group_id`)
) ENGINE=InnoDB  DEFAULT CHARSET=utf8 AUTO_INCREMENT=30 ;

--
-- Дамп данных таблицы `users_groups`
--

INSERT INTO `users_groups` (`id`, `user_id`, `group_id`) VALUES
(1, 1, 1),
(2, 1, 2),
(28, 2, 1),
(3, 2, 2),
(23, 22, 2),
(27, 23, 1),
(25, 23, 2);

-- --------------------------------------------------------

--
-- Структура таблицы `win_calc_gluh`
--

CREATE TABLE IF NOT EXISTS `win_calc_gluh` (
  `id` int(11) NOT NULL AUTO_INCREMENT,
  `profil_sym` varchar(20) NOT NULL,
  `minx` decimal(10,0) DEFAULT '0',
  `maxx` decimal(10,0) DEFAULT '0',
  `miny` decimal(10,0) DEFAULT '0',
  `maxy` decimal(10,0) DEFAULT '0',
  `price` decimal(15,2) DEFAULT '0.00',
  `dat` date DEFAULT NULL,
  `active` bit(1) NOT NULL,
  PRIMARY KEY (`id`)
) ENGINE=InnoDB  DEFAULT CHARSET=utf8 AUTO_INCREMENT=183 ;

--
-- Дамп данных таблицы `win_calc_gluh`
--

INSERT INTO `win_calc_gluh` (`id`, `profil_sym`, `minx`, `maxx`, `miny`, `maxy`, `price`, `dat`, `active`) VALUES
(1, '', NULL, NULL, NULL, NULL, NULL, '2015-08-18', b'0'),
(2, '', NULL, NULL, NULL, NULL, NULL, '2015-08-18', b'0'),
(3, '', 500, 599, 500, 599, 184.00, '2015-08-18', b'0'),
(4, '', 500, 599, 600, 699, 194.00, '2015-08-18', b'0'),
(5, '', 500, 599, 700, 799, 204.00, '2015-08-18', b'0'),
(6, '', 500, 599, 800, 899, 214.00, '2015-08-18', b'0'),
(7, '', 500, 599, 900, 999, 224.00, '2015-08-18', b'0'),
(8, '', 500, 599, 1000, 1000, 234.00, '2015-08-18', b'0'),
(9, '', 600, 699, 500, 599, 194.00, '2015-08-18', b'0'),
(10, '', 600, 699, 600, 699, 204.00, '2015-08-18', b'0'),
(11, '', 600, 699, 700, 799, 214.00, '2015-08-18', b'0'),
(12, '', 600, 699, 800, 899, 224.00, '2015-08-18', b'0'),
(13, '', 600, 699, 900, 999, 234.00, '2015-08-18', b'0'),
(14, '', 600, 699, 1000, 1000, 244.00, '2015-08-18', b'0'),
(15, '', 700, 799, 500, 599, 204.00, '2015-08-18', b'0'),
(16, '', 700, 799, 600, 699, 214.00, '2015-08-18', b'0'),
(17, '', 700, 799, 700, 799, 224.00, '2015-08-18', b'0'),
(18, '', 700, 799, 800, 899, 234.00, '2015-08-18', b'0'),
(19, '', 700, 799, 900, 999, 244.00, '2015-08-18', b'0'),
(20, '', 700, 799, 1000, 1000, 254.00, '2015-08-18', b'0'),
(21, '', 800, 899, 500, 599, 214.00, '2015-08-18', b'0'),
(22, '', 800, 899, 600, 699, 224.00, '2015-08-18', b'0'),
(23, '', 800, 899, 700, 799, 234.00, '2015-08-18', b'0'),
(24, '', 800, 899, 800, 899, 244.00, '2015-08-18', b'0'),
(25, '', 800, 899, 900, 999, 254.00, '2015-08-18', b'0'),
(26, '', 800, 899, 1000, 1000, 265.00, '2015-08-18', b'0'),
(27, '', 900, 999, 500, 599, 224.00, '2015-08-18', b'0'),
(28, '', 900, 999, 600, 699, 234.00, '2015-08-18', b'0'),
(29, '', 900, 999, 700, 799, 244.00, '2015-08-18', b'0'),
(30, '', 900, 999, 800, 899, 254.00, '2015-08-18', b'0'),
(31, '', 900, 999, 900, 999, 264.00, '2015-08-18', b'0'),
(32, '', 900, 999, 1000, 1000, 275.00, '2015-08-18', b'0'),
(33, '', 1000, 1000, 500, 599, 234.00, '2015-08-18', b'0'),
(34, '', 1000, 1000, 600, 699, 244.00, '2015-08-18', b'0'),
(35, '', 1000, 1000, 700, 799, 254.00, '2015-08-18', b'0'),
(36, '', 1000, 1000, 800, 899, 265.00, '2015-08-18', b'0'),
(37, '', 1000, 1000, 900, 999, 275.00, '2015-08-18', b'0'),
(38, '', 1000, 1000, 1000, 1000, 285.00, '2015-08-18', b'0'),
(39, 'ED_TD_60', 500, 599, 500, 599, 184.00, '2015-08-21', b'0'),
(40, 'ED_TD_60', 500, 599, 600, 699, 194.00, '2015-08-21', b'0'),
(41, 'ED_TD_60', 500, 599, 700, 799, 204.00, '2015-08-21', b'0'),
(42, 'ED_TD_60', 500, 599, 800, 899, 214.00, '2015-08-21', b'0'),
(43, 'ED_TD_60', 500, 599, 900, 999, 224.00, '2015-08-21', b'0'),
(44, 'ED_TD_60', 500, 599, 1000, 1000, 234.00, '2015-08-21', b'0'),
(45, 'ED_TD_60', 600, 699, 500, 599, 194.00, '2015-08-21', b'0'),
(46, 'ED_TD_60', 600, 699, 600, 699, 204.00, '2015-08-21', b'0'),
(47, 'ED_TD_60', 600, 699, 700, 799, 214.00, '2015-08-21', b'0'),
(48, 'ED_TD_60', 600, 699, 800, 899, 224.00, '2015-08-21', b'0'),
(49, 'ED_TD_60', 600, 699, 900, 999, 234.00, '2015-08-21', b'0'),
(50, 'ED_TD_60', 600, 699, 1000, 1000, 244.00, '2015-08-21', b'0'),
(51, 'ED_TD_60', 700, 799, 500, 599, 204.00, '2015-08-21', b'0'),
(52, 'ED_TD_60', 700, 799, 600, 699, 214.00, '2015-08-21', b'0'),
(53, 'ED_TD_60', 700, 799, 700, 799, 224.00, '2015-08-21', b'0'),
(54, 'ED_TD_60', 700, 799, 800, 899, 234.00, '2015-08-21', b'0'),
(55, 'ED_TD_60', 700, 799, 900, 999, 244.00, '2015-08-21', b'0'),
(56, 'ED_TD_60', 700, 799, 1000, 1000, 254.00, '2015-08-21', b'0'),
(57, 'ED_TD_60', 800, 899, 500, 599, 214.00, '2015-08-21', b'0'),
(58, 'ED_TD_60', 800, 899, 600, 699, 224.00, '2015-08-21', b'0'),
(59, 'ED_TD_60', 800, 899, 700, 799, 234.00, '2015-08-21', b'0'),
(60, 'ED_TD_60', 800, 899, 800, 899, 244.00, '2015-08-21', b'0'),
(61, 'ED_TD_60', 800, 899, 900, 999, 254.00, '2015-08-21', b'0'),
(62, 'ED_TD_60', 800, 899, 1000, 1000, 265.00, '2015-08-21', b'0'),
(63, 'ED_TD_60', 900, 999, 500, 599, 224.00, '2015-08-21', b'0'),
(64, 'ED_TD_60', 900, 999, 600, 699, 234.00, '2015-08-21', b'0'),
(65, 'ED_TD_60', 900, 999, 700, 799, 244.00, '2015-08-21', b'0'),
(66, 'ED_TD_60', 900, 999, 800, 899, 254.00, '2015-08-21', b'0'),
(67, 'ED_TD_60', 900, 999, 900, 999, 264.00, '2015-08-21', b'0'),
(68, 'ED_TD_60', 900, 999, 1000, 1000, 275.00, '2015-08-21', b'0'),
(69, 'ED_TD_60', 1000, 1000, 500, 599, 234.00, '2015-08-21', b'0'),
(70, 'ED_TD_60', 1000, 1000, 600, 699, 244.00, '2015-08-21', b'0'),
(71, 'ED_TD_60', 1000, 1000, 700, 799, 254.00, '2015-08-21', b'0'),
(72, 'ED_TD_60', 1000, 1000, 800, 899, 265.00, '2015-08-21', b'0'),
(73, 'ED_TD_60', 1000, 1000, 900, 999, 275.00, '2015-08-21', b'0'),
(74, 'ED_TD_60', 1000, 1000, 1000, 1000, 285.00, '2015-08-21', b'0'),
(75, 'ED_TD_60', 500, 599, 500, 599, 184.00, '2015-08-21', b'0'),
(76, 'ED_TD_60', 500, 599, 600, 699, 194.00, '2015-08-21', b'0'),
(77, 'ED_TD_60', 500, 599, 700, 799, 204.00, '2015-08-21', b'0'),
(78, 'ED_TD_60', 500, 599, 800, 899, 214.00, '2015-08-21', b'0'),
(79, 'ED_TD_60', 500, 599, 900, 999, 224.00, '2015-08-21', b'0'),
(80, 'ED_TD_60', 500, 599, 1000, 1000, 234.00, '2015-08-21', b'0'),
(81, 'ED_TD_60', 600, 699, 500, 599, 194.00, '2015-08-21', b'0'),
(82, 'ED_TD_60', 600, 699, 600, 699, 204.00, '2015-08-21', b'0'),
(83, 'ED_TD_60', 600, 699, 700, 799, 214.00, '2015-08-21', b'0'),
(84, 'ED_TD_60', 600, 699, 800, 899, 224.00, '2015-08-21', b'0'),
(85, 'ED_TD_60', 600, 699, 900, 999, 234.00, '2015-08-21', b'0'),
(86, 'ED_TD_60', 600, 699, 1000, 1000, 244.00, '2015-08-21', b'0'),
(87, 'ED_TD_60', 700, 799, 500, 599, 204.00, '2015-08-21', b'0'),
(88, 'ED_TD_60', 700, 799, 600, 699, 214.00, '2015-08-21', b'0'),
(89, 'ED_TD_60', 700, 799, 700, 799, 224.00, '2015-08-21', b'0'),
(90, 'ED_TD_60', 700, 799, 800, 899, 234.00, '2015-08-21', b'0'),
(91, 'ED_TD_60', 700, 799, 900, 999, 244.00, '2015-08-21', b'0'),
(92, 'ED_TD_60', 700, 799, 1000, 1000, 254.00, '2015-08-21', b'0'),
(93, 'ED_TD_60', 800, 899, 500, 599, 214.00, '2015-08-21', b'0'),
(94, 'ED_TD_60', 800, 899, 600, 699, 224.00, '2015-08-21', b'0'),
(95, 'ED_TD_60', 800, 899, 700, 799, 234.00, '2015-08-21', b'0'),
(96, 'ED_TD_60', 800, 899, 800, 899, 244.00, '2015-08-21', b'0'),
(97, 'ED_TD_60', 800, 899, 900, 999, 254.00, '2015-08-21', b'0'),
(98, 'ED_TD_60', 800, 899, 1000, 1000, 265.00, '2015-08-21', b'0'),
(99, 'ED_TD_60', 900, 999, 500, 599, 224.00, '2015-08-21', b'0'),
(100, 'ED_TD_60', 900, 999, 600, 699, 234.00, '2015-08-21', b'0'),
(101, 'ED_TD_60', 900, 999, 700, 799, 244.00, '2015-08-21', b'0'),
(102, 'ED_TD_60', 900, 999, 800, 899, 254.00, '2015-08-21', b'0'),
(103, 'ED_TD_60', 900, 999, 900, 999, 264.00, '2015-08-21', b'0'),
(104, 'ED_TD_60', 900, 999, 1000, 1000, 275.00, '2015-08-21', b'0'),
(105, 'ED_TD_60', 1000, 1000, 500, 599, 234.00, '2015-08-21', b'0'),
(106, 'ED_TD_60', 1000, 1000, 600, 699, 244.00, '2015-08-21', b'0'),
(107, 'ED_TD_60', 1000, 1000, 700, 799, 254.00, '2015-08-21', b'0'),
(108, 'ED_TD_60', 1000, 1000, 800, 899, 265.00, '2015-08-21', b'0'),
(109, 'ED_TD_60', 1000, 1000, 900, 999, 275.00, '2015-08-21', b'0'),
(110, 'ED_TD_60', 1000, 1000, 1000, 1000, 285.00, '2015-08-21', b'0'),
(111, 'BrD_70', 500, 599, 500, 599, 184.00, '2015-08-21', b'0'),
(112, 'BrD_70', 500, 599, 600, 699, 194.00, '2015-08-21', b'0'),
(113, 'BrD_70', 500, 599, 700, 799, 204.00, '2015-08-21', b'0'),
(114, 'BrD_70', 500, 599, 800, 899, 214.00, '2015-08-21', b'0'),
(115, 'BrD_70', 500, 599, 900, 999, 224.00, '2015-08-21', b'0'),
(116, 'BrD_70', 500, 599, 1000, 1000, 234.00, '2015-08-21', b'0'),
(117, 'BrD_70', 600, 699, 500, 599, 194.00, '2015-08-21', b'0'),
(118, 'BrD_70', 600, 699, 600, 699, 204.00, '2015-08-21', b'0'),
(119, 'BrD_70', 600, 699, 700, 799, 214.00, '2015-08-21', b'0'),
(120, 'BrD_70', 600, 699, 800, 899, 224.00, '2015-08-21', b'0'),
(121, 'BrD_70', 600, 699, 900, 999, 234.00, '2015-08-21', b'0'),
(122, 'BrD_70', 600, 699, 1000, 1000, 244.00, '2015-08-21', b'0'),
(123, 'BrD_70', 700, 799, 500, 599, 204.00, '2015-08-21', b'0'),
(124, 'BrD_70', 700, 799, 600, 699, 214.00, '2015-08-21', b'0'),
(125, 'BrD_70', 700, 799, 700, 799, 224.00, '2015-08-21', b'0'),
(126, 'BrD_70', 700, 799, 800, 899, 234.00, '2015-08-21', b'0'),
(127, 'BrD_70', 700, 799, 900, 999, 244.00, '2015-08-21', b'0'),
(128, 'BrD_70', 700, 799, 1000, 1000, 254.00, '2015-08-21', b'0'),
(129, 'BrD_70', 800, 899, 500, 599, 214.00, '2015-08-21', b'0'),
(130, 'BrD_70', 800, 899, 600, 699, 224.00, '2015-08-21', b'0'),
(131, 'BrD_70', 800, 899, 700, 799, 234.00, '2015-08-21', b'0'),
(132, 'BrD_70', 800, 899, 800, 899, 244.00, '2015-08-21', b'0'),
(133, 'BrD_70', 800, 899, 900, 999, 254.00, '2015-08-21', b'0'),
(134, 'BrD_70', 800, 899, 1000, 1000, 265.00, '2015-08-21', b'0'),
(135, 'BrD_70', 900, 999, 500, 599, 224.00, '2015-08-21', b'0'),
(136, 'BrD_70', 900, 999, 600, 699, 234.00, '2015-08-21', b'0'),
(137, 'BrD_70', 900, 999, 700, 799, 244.00, '2015-08-21', b'0'),
(138, 'BrD_70', 900, 999, 800, 899, 254.00, '2015-08-21', b'0'),
(139, 'BrD_70', 900, 999, 900, 999, 264.00, '2015-08-21', b'0'),
(140, 'BrD_70', 900, 999, 1000, 1000, 275.00, '2015-08-21', b'0'),
(141, 'BrD_70', 1000, 1000, 500, 599, 234.00, '2015-08-21', b'0'),
(142, 'BrD_70', 1000, 1000, 600, 699, 244.00, '2015-08-21', b'0'),
(143, 'BrD_70', 1000, 1000, 700, 799, 254.00, '2015-08-21', b'0'),
(144, 'BrD_70', 1000, 1000, 800, 899, 265.00, '2015-08-21', b'0'),
(145, 'BrD_70', 1000, 1000, 900, 999, 275.00, '2015-08-21', b'0'),
(146, 'BrD_70', 1000, 1000, 1000, 1000, 285.00, '2015-08-21', b'0'),
(147, 'BrD_70', 500, 599, 500, 599, 184.00, '2015-08-21', b'1'),
(148, 'BrD_70', 500, 599, 600, 699, 194.00, '2015-08-21', b'1'),
(149, 'BrD_70', 500, 599, 700, 799, 204.00, '2015-08-21', b'1'),
(150, 'BrD_70', 500, 599, 800, 899, 214.00, '2015-08-21', b'1'),
(151, 'BrD_70', 500, 599, 900, 999, 224.00, '2015-08-21', b'1'),
(152, 'BrD_70', 500, 599, 1000, 1000, 234.00, '2015-08-21', b'1'),
(153, 'BrD_70', 600, 699, 500, 599, 194.00, '2015-08-21', b'1'),
(154, 'BrD_70', 600, 699, 600, 699, 204.00, '2015-08-21', b'1'),
(155, 'BrD_70', 600, 699, 700, 799, 214.00, '2015-08-21', b'1'),
(156, 'BrD_70', 600, 699, 800, 899, 224.00, '2015-08-21', b'1'),
(157, 'BrD_70', 600, 699, 900, 999, 234.00, '2015-08-21', b'1'),
(158, 'BrD_70', 600, 699, 1000, 1000, 244.00, '2015-08-21', b'1'),
(159, 'BrD_70', 700, 799, 500, 599, 204.00, '2015-08-21', b'1'),
(160, 'BrD_70', 700, 799, 600, 699, 214.00, '2015-08-21', b'1'),
(161, 'BrD_70', 700, 799, 700, 799, 224.00, '2015-08-21', b'1'),
(162, 'BrD_70', 700, 799, 800, 899, 234.00, '2015-08-21', b'1'),
(163, 'BrD_70', 700, 799, 900, 999, 244.00, '2015-08-21', b'1'),
(164, 'BrD_70', 700, 799, 1000, 1000, 254.00, '2015-08-21', b'1'),
(165, 'BrD_70', 800, 899, 500, 599, 214.00, '2015-08-21', b'1'),
(166, 'BrD_70', 800, 899, 600, 699, 224.00, '2015-08-21', b'1'),
(167, 'BrD_70', 800, 899, 700, 799, 234.00, '2015-08-21', b'1'),
(168, 'BrD_70', 800, 899, 800, 899, 244.00, '2015-08-21', b'1'),
(169, 'BrD_70', 800, 899, 900, 999, 254.00, '2015-08-21', b'1'),
(170, 'BrD_70', 800, 899, 1000, 1000, 265.00, '2015-08-21', b'1'),
(171, 'BrD_70', 900, 999, 500, 599, 224.00, '2015-08-21', b'1'),
(172, 'BrD_70', 900, 999, 600, 699, 234.00, '2015-08-21', b'1'),
(173, 'BrD_70', 900, 999, 700, 799, 244.00, '2015-08-21', b'1'),
(174, 'BrD_70', 900, 999, 800, 899, 254.00, '2015-08-21', b'1'),
(175, 'BrD_70', 900, 999, 900, 999, 264.00, '2015-08-21', b'1'),
(176, 'BrD_70', 900, 999, 1000, 1000, 275.00, '2015-08-21', b'1'),
(177, 'BrD_70', 1000, 1000, 500, 599, 234.00, '2015-08-21', b'1'),
(178, 'BrD_70', 1000, 1000, 600, 699, 244.00, '2015-08-21', b'1'),
(179, 'BrD_70', 1000, 1000, 700, 799, 254.00, '2015-08-21', b'1'),
(180, 'BrD_70', 1000, 1000, 800, 899, 265.00, '2015-08-21', b'1'),
(181, 'BrD_70', 1000, 1000, 900, 999, 275.00, '2015-08-21', b'1'),
(182, 'BrD_70', 1000, 1000, 1000, 1000, 285.00, '2015-08-21', b'1');

--
-- Ограничения внешнего ключа сохраненных таблиц
--

--
-- Ограничения внешнего ключа таблицы `users_groups`
--
ALTER TABLE `users_groups`
  ADD CONSTRAINT `fk_users_groups_groups1` FOREIGN KEY (`group_id`) REFERENCES `groups` (`id`) ON DELETE CASCADE ON UPDATE NO ACTION,
  ADD CONSTRAINT `fk_users_groups_users1` FOREIGN KEY (`user_id`) REFERENCES `users` (`id`) ON DELETE CASCADE ON UPDATE NO ACTION;

/*!40101 SET CHARACTER_SET_CLIENT=@OLD_CHARACTER_SET_CLIENT */;
/*!40101 SET CHARACTER_SET_RESULTS=@OLD_CHARACTER_SET_RESULTS */;
/*!40101 SET COLLATION_CONNECTION=@OLD_COLLATION_CONNECTION */;
