-- phpMyAdmin SQL Dump
-- version 3.4.10.1deb1
-- http://www.phpmyadmin.net
--
-- Хост: localhost
-- Время создания: Окт 21 2015 г., 19:28
-- Версия сервера: 5.5.44
-- Версия PHP: 5.3.10-1ubuntu3.20

SET SQL_MODE="NO_AUTO_VALUE_ON_ZERO";
SET time_zone = "+00:00";


/*!40101 SET @OLD_CHARACTER_SET_CLIENT=@@CHARACTER_SET_CLIENT */;
/*!40101 SET @OLD_CHARACTER_SET_RESULTS=@@CHARACTER_SET_RESULTS */;
/*!40101 SET @OLD_COLLATION_CONNECTION=@@COLLATION_CONNECTION */;
/*!40101 SET NAMES utf8 */;

--
-- База данных: `wincalc`
--

-- --------------------------------------------------------

--
-- Структура таблицы `currency`
--

CREATE TABLE IF NOT EXISTS `currency` (
  `id` int(11) NOT NULL AUTO_INCREMENT,
  `nam` varchar(10) NOT NULL,
  `mult` double DEFAULT '100',
  PRIMARY KEY (`id`)
) ENGINE=InnoDB  DEFAULT CHARSET=utf8 AUTO_INCREMENT=6 ;

--
-- Дамп данных таблицы `currency`
--

INSERT INTO `currency` (`id`, `nam`, `mult`) VALUES
(2, 'EUR', 100),
(3, 'USD', 100),
(4, 'UAH', 1),
(5, 'EUR0', 100);

-- --------------------------------------------------------

--
-- Структура таблицы `curs`
--

CREATE TABLE IF NOT EXISTS `curs` (
  `id` int(11) NOT NULL AUTO_INCREMENT,
  `dat` date NOT NULL,
  `cur_nam` varchar(10) NOT NULL,
  `price` double DEFAULT '0',
  PRIMARY KEY (`id`)
) ENGINE=InnoDB  DEFAULT CHARSET=utf8 AUTO_INCREMENT=11 ;

--
-- Дамп данных таблицы `curs`
--

INSERT INTO `curs` (`id`, `dat`, `cur_nam`, `price`) VALUES
(2, '2015-07-05', 'EUR0', 2550),
(5, '2015-07-25', '', 2650),
(6, '2015-07-24', '', 2610),
(7, '2015-07-25', 'EUR', 2600),
(8, '2015-07-18', 'EUR', 2650),
(9, '1980-01-01', 'UAH', 1),
(10, '2015-07-25', 'USD', 2150);

-- --------------------------------------------------------

--
-- Структура таблицы `furn`
--

CREATE TABLE IF NOT EXISTS `furn` (
  `id` int(11) NOT NULL AUTO_INCREMENT,
  `nam` varchar(100) CHARACTER SET utf8 NOT NULL,
  `articul` varchar(50) CHARACTER SET utf8 NOT NULL,
  `price` decimal(15,2) DEFAULT '0.00',
  `usewin1` bit(1) DEFAULT b'0',
  `usewin2` bit(1) DEFAULT b'0',
  `usewin3` bit(1) DEFAULT b'0',
  `usewin4` bit(1) DEFAULT b'0',
  `usewin5` bit(1) DEFAULT b'0',
  `usewin6` bit(1) DEFAULT b'0',
  `usewin7` bit(1) DEFAULT b'0',
  `usewin8` bit(1) DEFAULT b'0',
  `group_id` int(11) DEFAULT '0',
  `cur_nam` varchar(10) CHARACTER SET utf8 NOT NULL DEFAULT 'EUR',
  PRIMARY KEY (`id`)
) ENGINE=InnoDB  DEFAULT CHARSET=latin1 AUTO_INCREMENT=7 ;

--
-- Дамп данных таблицы `furn`
--

INSERT INTO `furn` (`id`, `nam`, `articul`, `price`, `usewin1`, `usewin2`, `usewin3`, `usewin4`, `usewin5`, `usewin6`, `usewin7`, `usewin8`, `group_id`, `cur_nam`) VALUES
(5, 'Si Средний прижим скрытый рама А1900 ', '260449', 0.21, b'0', b'1', b'0', b'0', b'0', b'0', b'0', b'0', 0, 'EUR'),
(6, 'Ответная часть микровентиляции  ', '25449', 0.39, b'0', b'1', b'0', b'0', b'0', b'0', b'0', b'0', 0, 'EUR');

-- --------------------------------------------------------

--
-- Структура таблицы `glass`
--

CREATE TABLE IF NOT EXISTS `glass` (
  `id` int(11) NOT NULL AUTO_INCREMENT,
  `nam` varchar(50) NOT NULL,
  `description` varchar(150) DEFAULT '',
  `cur_name` varchar(10) DEFAULT 'UAH',
  `price` decimal(15,2) DEFAULT '0.00',
  PRIMARY KEY (`id`)
) ENGINE=InnoDB  DEFAULT CHARSET=utf8 AUTO_INCREMENT=6 ;

--
-- Дамп данных таблицы `glass`
--

INSERT INTO `glass` (`id`, `nam`, `description`, `cur_name`, `price`) VALUES
(1, '4/10/4/10/4', '', 'UAH', 56.00),
(2, '4/16/4', '', 'UAH', 61.30),
(3, '4/2Ar/4i', '', 'UAH', 75.00),
(4, '4/8/4', '', 'UAH', 50.00),
(5, '4-16-4-16-4', 'двухкамерный обычный', 'UAH', 50.00);

-- --------------------------------------------------------

--
-- Структура таблицы `grfurn`
--

CREATE TABLE IF NOT EXISTS `grfurn` (
  `id` int(11) NOT NULL AUTO_INCREMENT,
  `nam` varchar(50) CHARACTER SET utf8 NOT NULL,
  PRIMARY KEY (`id`)
) ENGINE=InnoDB  DEFAULT CHARSET=latin1 AUTO_INCREMENT=3 ;

--
-- Дамп данных таблицы `grfurn`
--

INSERT INTO `grfurn` (`id`, `nam`) VALUES
(1, 'Детали фурнитуры'),
(2, 'Ручки');

-- --------------------------------------------------------

--
-- Структура таблицы `groups`
--

CREATE TABLE IF NOT EXISTS `groups` (
  `id` mediumint(8) unsigned NOT NULL AUTO_INCREMENT,
  `name` varchar(20) NOT NULL,
  `description` varchar(100) NOT NULL,
  PRIMARY KEY (`id`)
) ENGINE=InnoDB  DEFAULT CHARSET=utf8 AUTO_INCREMENT=3 ;

--
-- Дамп данных таблицы `groups`
--

INSERT INTO `groups` (`id`, `name`, `description`) VALUES
(1, 'admin', 'Administrator'),
(2, 'members', 'General User');

-- --------------------------------------------------------

--
-- Структура таблицы `login_attempts`
--

CREATE TABLE IF NOT EXISTS `login_attempts` (
  `id` int(11) unsigned NOT NULL AUTO_INCREMENT,
  `ip_address` varchar(15) NOT NULL,
  `login` varchar(100) NOT NULL,
  `time` int(11) unsigned DEFAULT NULL,
  PRIMARY KEY (`id`)
) ENGINE=InnoDB DEFAULT CHARSET=utf8 AUTO_INCREMENT=1 ;

-- --------------------------------------------------------

--
-- Структура таблицы `profil`
--

CREATE TABLE IF NOT EXISTS `profil` (
  `id` int(11) NOT NULL AUTO_INCREMENT,
  `sym` varchar(20) NOT NULL,
  `description` varchar(250) DEFAULT '',
  `width_for_glass` int(11) NOT NULL DEFAULT '0',
  PRIMARY KEY (`id`)
) ENGINE=InnoDB  DEFAULT CHARSET=utf8 AUTO_INCREMENT=4 ;

--
-- Дамп данных таблицы `profil`
--

INSERT INTO `profil` (`id`, `sym`, `description`, `width_for_glass`) VALUES
(1, 'BrD_70', '70мм BrD70', 80),
(2, 'ED_70', '70мм ED70', 75),
(3, 'ED_TD_60', '60мм Системы', 49);

-- --------------------------------------------------------

--
-- Структура таблицы `users`
--

CREATE TABLE IF NOT EXISTS `users` (
  `id` int(11) unsigned NOT NULL AUTO_INCREMENT,
  `ip_address` varchar(15) NOT NULL,
  `username` varchar(100) NOT NULL,
  `password` varchar(255) NOT NULL,
  `salt` varchar(255) DEFAULT NULL,
  `email` varchar(100) NOT NULL,
  `activation_code` varchar(40) DEFAULT NULL,
  `forgotten_password_code` varchar(40) DEFAULT NULL,
  `forgotten_password_time` int(11) unsigned DEFAULT NULL,
  `remember_code` varchar(40) DEFAULT NULL,
  `created_on` int(11) unsigned NOT NULL,
  `last_login` int(11) unsigned DEFAULT NULL,
  `active` tinyint(1) unsigned DEFAULT NULL,
  `first_name` varchar(50) DEFAULT NULL,
  `last_name` varchar(50) DEFAULT NULL,
  `company` varchar(100) DEFAULT NULL,
  `phone` varchar(20) DEFAULT NULL,
  PRIMARY KEY (`id`)
) ENGINE=InnoDB  DEFAULT CHARSET=utf8 AUTO_INCREMENT=25 ;

--
-- Дамп данных таблицы `users`
--

INSERT INTO `users` (`id`, `ip_address`, `username`, `password`, `salt`, `email`, `activation_code`, `forgotten_password_code`, `forgotten_password_time`, `remember_code`, `created_on`, `last_login`, `active`, `first_name`, `last_name`, `company`, `phone`) VALUES
(1, '127.0.0.1', 'administrator', '$2a$07$SeBknntpZror9uyftVopmu61qg0ms8Qv1yV6FG.kQOSM.9QhmTo36', '', 'admin@admin.com', '', NULL, NULL, NULL, 1268889823, 1444893890, 1, 'Admin', 'Adminenko', 'ADMIN', '0'),
(2, '192.168.1.46', 'tom', '$2y$08$Pqexk0N643u38pHrlhpknOR7zJu8UI/KFlqOTStqEc.tjzciOdnl2', NULL, 'to@a.b', NULL, NULL, NULL, NULL, 1439298318, 1445453594, 1, 'tom', 'smith', 'tom_smith', '123456'),
(22, '192.168.1.46', 'www', '$2y$08$cnrpcKwNcQoJYD96tlEXP.oQuCer9CMJvyers7WGgd/TT205k66fC', NULL, 'www@a.b', NULL, NULL, NULL, NULL, 1439377818, NULL, 1, '', '', '', ''),
(23, '192.168.1.46', 'wwwa', '$2y$08$urrd.p/L/3nnR3RVlM6rS./AmQFQKNs3r2cRVWpwi1zUeSUfNZmNC', NULL, 'wwwa@a.b', NULL, NULL, NULL, NULL, 1439377845, 1439377872, 1, 'Вася', 'Сидоров', 'АРКА', '123456'),
(24, '127.0.0.1', 'normal', '$2y$08$1wflK7ABKHz2bTRabnxVYOM7x1NqAPtjLFWgdsijGfJ1i3ZDZ3SpG', NULL, 'normal@arka.ua', NULL, NULL, NULL, NULL, 1442246463, 1442246481, 1, 'normal', 'normal', 'normal', '332211');

-- --------------------------------------------------------

--
-- Структура таблицы `users_calc`
--

CREATE TABLE IF NOT EXISTS `users_calc` (
  `id` int(11) NOT NULL AUTO_INCREMENT,
  `user_id` int(11) NOT NULL,
  `mater` decimal(10,2) DEFAULT '0.00',
  `prod` decimal(10,2) DEFAULT '0.00',
  `marg` decimal(10,2) NOT NULL DEFAULT '0.00',
  `discount` decimal(10,2) NOT NULL DEFAULT '0.00',
  PRIMARY KEY (`id`)
) ENGINE=InnoDB  DEFAULT CHARSET=utf8 AUTO_INCREMENT=5 ;

--
-- Дамп данных таблицы `users_calc`
--

INSERT INTO `users_calc` (`id`, `user_id`, `mater`, `prod`, `marg`, `discount`) VALUES
(1, 2, 4.00, 950.00, 45.25, 30.00),
(2, 22, 4.00, 950.00, 0.00, 0.00),
(3, 23, 4.00, 950.00, 0.00, 0.00),
(4, 24, 4.00, 950.00, 0.00, 0.00);

-- --------------------------------------------------------

--
-- Структура таблицы `users_groups`
--

CREATE TABLE IF NOT EXISTS `users_groups` (
  `id` int(11) unsigned NOT NULL AUTO_INCREMENT,
  `user_id` int(11) unsigned NOT NULL,
  `group_id` mediumint(8) unsigned NOT NULL,
  PRIMARY KEY (`id`),
  UNIQUE KEY `uc_users_groups` (`user_id`,`group_id`),
  KEY `fk_users_groups_users1_idx` (`user_id`),
  KEY `fk_users_groups_groups1_idx` (`group_id`)
) ENGINE=InnoDB  DEFAULT CHARSET=utf8 AUTO_INCREMENT=30 ;

--
-- Дамп данных таблицы `users_groups`
--

INSERT INTO `users_groups` (`id`, `user_id`, `group_id`) VALUES
(1, 1, 1),
(2, 1, 2),
(28, 2, 1),
(3, 2, 2),
(23, 22, 2),
(27, 23, 1),
(25, 23, 2),
(29, 24, 1);

-- --------------------------------------------------------

--
-- Структура таблицы `win_calc_gluh`
--

CREATE TABLE IF NOT EXISTS `win_calc_gluh` (
  `id` int(11) NOT NULL AUTO_INCREMENT,
  `profil_sym` varchar(20) NOT NULL,
  `minx` decimal(10,0) DEFAULT '0',
  `maxx` decimal(10,0) DEFAULT '0',
  `miny` decimal(10,0) DEFAULT '0',
  `maxy` decimal(10,0) DEFAULT '0',
  `price` decimal(15,2) DEFAULT '0.00',
  `dat` date DEFAULT NULL,
  `active` bit(1) NOT NULL,
  PRIMARY KEY (`id`)
) ENGINE=InnoDB  DEFAULT CHARSET=utf8 AUTO_INCREMENT=759 ;

--
-- Дамп данных таблицы `win_calc_gluh`
--

INSERT INTO `win_calc_gluh` (`id`, `profil_sym`, `minx`, `maxx`, `miny`, `maxy`, `price`, `dat`, `active`) VALUES
(255, 'ED_70', 500, 599, 500, 599, 284.00, '2015-08-25', b'0'),
(256, 'ED_70', 500, 599, 600, 699, 210.00, '2015-08-25', b'0'),
(257, 'ED_70', 500, 599, 700, 799, 250.00, '2015-08-25', b'0'),
(258, 'ED_70', 500, 599, 800, 899, 255.00, '2015-08-25', b'0'),
(259, 'ED_70', 500, 599, 900, 999, 270.00, '2015-08-25', b'0'),
(260, 'ED_70', 500, 599, 1000, 1000, 234.00, '2015-08-25', b'0'),
(261, 'ED_70', 600, 699, 500, 599, 194.00, '2015-08-25', b'0'),
(262, 'ED_70', 600, 699, 600, 699, 204.00, '2015-08-25', b'0'),
(263, 'ED_70', 600, 699, 700, 799, 214.00, '2015-08-25', b'0'),
(264, 'ED_70', 600, 699, 800, 899, 224.00, '2015-08-25', b'0'),
(265, 'ED_70', 600, 699, 900, 999, 234.00, '2015-08-25', b'0'),
(266, 'ED_70', 600, 699, 1000, 1000, 244.00, '2015-08-25', b'0'),
(267, 'ED_70', 700, 799, 500, 599, 204.00, '2015-08-25', b'0'),
(268, 'ED_70', 700, 799, 600, 699, 214.00, '2015-08-25', b'0'),
(269, 'ED_70', 700, 799, 700, 799, 224.00, '2015-08-25', b'0'),
(270, 'ED_70', 700, 799, 800, 899, 234.00, '2015-08-25', b'0'),
(271, 'ED_70', 700, 799, 900, 999, 244.00, '2015-08-25', b'0'),
(272, 'ED_70', 700, 799, 1000, 1000, 254.00, '2015-08-25', b'0'),
(273, 'ED_70', 800, 899, 500, 599, 214.00, '2015-08-25', b'0'),
(274, 'ED_70', 800, 899, 600, 699, 224.00, '2015-08-25', b'0'),
(275, 'ED_70', 800, 899, 700, 799, 234.00, '2015-08-25', b'0'),
(276, 'ED_70', 800, 899, 800, 899, 244.00, '2015-08-25', b'0'),
(277, 'ED_70', 800, 899, 900, 999, 254.00, '2015-08-25', b'0'),
(278, 'ED_70', 800, 899, 1000, 1000, 265.00, '2015-08-25', b'0'),
(279, 'ED_70', 900, 999, 500, 599, 224.00, '2015-08-25', b'0'),
(280, 'ED_70', 900, 999, 600, 699, 234.00, '2015-08-25', b'0'),
(281, 'ED_70', 900, 999, 700, 799, 244.00, '2015-08-25', b'0'),
(282, 'ED_70', 900, 999, 800, 899, 254.00, '2015-08-25', b'0'),
(283, 'ED_70', 900, 999, 900, 999, 264.00, '2015-08-25', b'0'),
(284, 'ED_70', 900, 999, 1000, 1000, 275.00, '2015-08-25', b'0'),
(285, 'ED_70', 1000, 1000, 500, 599, 234.00, '2015-08-25', b'0'),
(286, 'ED_70', 1000, 1000, 600, 699, 244.00, '2015-08-25', b'0'),
(287, 'ED_70', 1000, 1000, 700, 799, 254.00, '2015-08-25', b'0'),
(288, 'ED_70', 1000, 1000, 800, 899, 265.00, '2015-08-25', b'0'),
(289, 'ED_70', 1000, 1000, 900, 999, 275.00, '2015-08-25', b'0'),
(290, 'ED_70', 1000, 1000, 1000, 1000, 285.00, '2015-08-25', b'0'),
(291, 'ED_TD_60', 500, 599, 500, 599, 184.00, '2015-08-25', b'0'),
(292, 'ED_TD_60', 500, 599, 600, 699, 194.00, '2015-08-25', b'0'),
(293, 'ED_TD_60', 500, 599, 700, 799, 204.00, '2015-08-25', b'0'),
(294, 'ED_TD_60', 500, 599, 800, 899, 214.00, '2015-08-25', b'0'),
(295, 'ED_TD_60', 500, 599, 900, 999, 224.00, '2015-08-25', b'0'),
(296, 'ED_TD_60', 500, 599, 1000, 1000, 234.00, '2015-08-25', b'0'),
(297, 'ED_TD_60', 600, 699, 500, 599, 194.00, '2015-08-25', b'0'),
(298, 'ED_TD_60', 600, 699, 600, 699, 204.00, '2015-08-25', b'0'),
(299, 'ED_TD_60', 600, 699, 700, 799, 214.00, '2015-08-25', b'0'),
(300, 'ED_TD_60', 600, 699, 800, 899, 224.00, '2015-08-25', b'0'),
(301, 'ED_TD_60', 600, 699, 900, 999, 234.00, '2015-08-25', b'0'),
(302, 'ED_TD_60', 600, 699, 1000, 1000, 244.00, '2015-08-25', b'0'),
(303, 'ED_TD_60', 700, 799, 500, 599, 204.00, '2015-08-25', b'0'),
(304, 'ED_TD_60', 700, 799, 600, 699, 214.00, '2015-08-25', b'0'),
(305, 'ED_TD_60', 700, 799, 700, 799, 224.00, '2015-08-25', b'0'),
(306, 'ED_TD_60', 700, 799, 800, 899, 234.00, '2015-08-25', b'0'),
(307, 'ED_TD_60', 700, 799, 900, 999, 244.00, '2015-08-25', b'0'),
(308, 'ED_TD_60', 700, 799, 1000, 1000, 254.00, '2015-08-25', b'0'),
(309, 'ED_TD_60', 800, 899, 500, 599, 214.00, '2015-08-25', b'0'),
(310, 'ED_TD_60', 800, 899, 600, 699, 224.00, '2015-08-25', b'0'),
(311, 'ED_TD_60', 800, 899, 700, 799, 234.00, '2015-08-25', b'0'),
(312, 'ED_TD_60', 800, 899, 800, 899, 244.00, '2015-08-25', b'0'),
(313, 'ED_TD_60', 800, 899, 900, 999, 254.00, '2015-08-25', b'0'),
(314, 'ED_TD_60', 800, 899, 1000, 1000, 265.00, '2015-08-25', b'0'),
(315, 'ED_TD_60', 900, 999, 500, 599, 224.00, '2015-08-25', b'0'),
(316, 'ED_TD_60', 900, 999, 600, 699, 234.00, '2015-08-25', b'0'),
(317, 'ED_TD_60', 900, 999, 700, 799, 244.00, '2015-08-25', b'0'),
(318, 'ED_TD_60', 900, 999, 800, 899, 254.00, '2015-08-25', b'0'),
(319, 'ED_TD_60', 900, 999, 900, 999, 264.00, '2015-08-25', b'0'),
(320, 'ED_TD_60', 900, 999, 1000, 1000, 275.00, '2015-08-25', b'0'),
(321, 'ED_TD_60', 1000, 1000, 500, 599, 234.00, '2015-08-25', b'0'),
(322, 'ED_TD_60', 1000, 1000, 600, 699, 244.00, '2015-08-25', b'0'),
(323, 'ED_TD_60', 1000, 1000, 700, 799, 254.00, '2015-08-25', b'0'),
(324, 'ED_TD_60', 1000, 1000, 800, 899, 265.00, '2015-08-25', b'0'),
(325, 'ED_TD_60', 1000, 1000, 900, 999, 275.00, '2015-08-25', b'0'),
(326, 'ED_TD_60', 1000, 1000, 1000, 1000, 285.00, '2015-08-25', b'0'),
(327, 'ED_70', 500, 599, 500, 599, 200.00, '2015-08-25', b'0'),
(328, 'ED_70', 500, 599, 600, 699, 210.00, '2015-08-25', b'0'),
(329, 'ED_70', 500, 599, 700, 799, 250.00, '2015-08-25', b'0'),
(330, 'ED_70', 500, 599, 800, 899, 255.00, '2015-08-25', b'0'),
(331, 'ED_70', 500, 599, 900, 999, 270.00, '2015-08-25', b'0'),
(332, 'ED_70', 500, 599, 1000, 1000, 234.00, '2015-08-25', b'0'),
(333, 'ED_70', 600, 699, 500, 599, 194.00, '2015-08-25', b'0'),
(334, 'ED_70', 600, 699, 600, 699, 204.00, '2015-08-25', b'0'),
(335, 'ED_70', 600, 699, 700, 799, 214.00, '2015-08-25', b'0'),
(336, 'ED_70', 600, 699, 800, 899, 224.00, '2015-08-25', b'0'),
(337, 'ED_70', 600, 699, 900, 999, 234.00, '2015-08-25', b'0'),
(338, 'ED_70', 600, 699, 1000, 1000, 244.00, '2015-08-25', b'0'),
(339, 'ED_70', 700, 799, 500, 599, 204.00, '2015-08-25', b'0'),
(340, 'ED_70', 700, 799, 600, 699, 214.00, '2015-08-25', b'0'),
(341, 'ED_70', 700, 799, 700, 799, 224.00, '2015-08-25', b'0'),
(342, 'ED_70', 700, 799, 800, 899, 234.00, '2015-08-25', b'0'),
(343, 'ED_70', 700, 799, 900, 999, 244.00, '2015-08-25', b'0'),
(344, 'ED_70', 700, 799, 1000, 1000, 254.00, '2015-08-25', b'0'),
(345, 'ED_70', 800, 899, 500, 599, 214.00, '2015-08-25', b'0'),
(346, 'ED_70', 800, 899, 600, 699, 224.00, '2015-08-25', b'0'),
(347, 'ED_70', 800, 899, 700, 799, 234.00, '2015-08-25', b'0'),
(348, 'ED_70', 800, 899, 800, 899, 244.00, '2015-08-25', b'0'),
(349, 'ED_70', 800, 899, 900, 999, 254.00, '2015-08-25', b'0'),
(350, 'ED_70', 800, 899, 1000, 1000, 265.00, '2015-08-25', b'0'),
(351, 'ED_70', 900, 999, 500, 599, 224.00, '2015-08-25', b'0'),
(352, 'ED_70', 900, 999, 600, 699, 234.00, '2015-08-25', b'0'),
(353, 'ED_70', 900, 999, 700, 799, 244.00, '2015-08-25', b'0'),
(354, 'ED_70', 900, 999, 800, 899, 254.00, '2015-08-25', b'0'),
(355, 'ED_70', 900, 999, 900, 999, 264.00, '2015-08-25', b'0'),
(356, 'ED_70', 900, 999, 1000, 1000, 275.00, '2015-08-25', b'0'),
(357, 'ED_70', 1000, 1000, 500, 599, 234.00, '2015-08-25', b'0'),
(358, 'ED_70', 1000, 1000, 600, 699, 244.00, '2015-08-25', b'0'),
(359, 'ED_70', 1000, 1000, 700, 799, 254.00, '2015-08-25', b'0'),
(360, 'ED_70', 1000, 1000, 800, 899, 265.00, '2015-08-25', b'0'),
(361, 'ED_70', 1000, 1000, 900, 999, 275.00, '2015-08-25', b'0'),
(362, 'ED_70', 1000, 1000, 1000, 1000, 285.00, '2015-08-25', b'0'),
(363, 'ED_TD_60', 500, 599, 500, 599, 184.00, '2015-08-25', b'0'),
(364, 'ED_TD_60', 500, 599, 600, 699, 194.00, '2015-08-25', b'0'),
(365, 'ED_TD_60', 500, 599, 700, 799, 204.00, '2015-08-25', b'0'),
(366, 'ED_TD_60', 500, 599, 800, 899, 214.00, '2015-08-25', b'0'),
(367, 'ED_TD_60', 500, 599, 900, 999, 224.00, '2015-08-25', b'0'),
(368, 'ED_TD_60', 500, 599, 1000, 1000, 234.00, '2015-08-25', b'0'),
(369, 'ED_TD_60', 600, 699, 500, 599, 194.00, '2015-08-25', b'0'),
(370, 'ED_TD_60', 600, 699, 600, 699, 204.00, '2015-08-25', b'0'),
(371, 'ED_TD_60', 600, 699, 700, 799, 214.00, '2015-08-25', b'0'),
(372, 'ED_TD_60', 600, 699, 800, 899, 224.00, '2015-08-25', b'0'),
(373, 'ED_TD_60', 600, 699, 900, 999, 234.00, '2015-08-25', b'0'),
(374, 'ED_TD_60', 600, 699, 1000, 1000, 244.00, '2015-08-25', b'0'),
(375, 'ED_TD_60', 700, 799, 500, 599, 204.00, '2015-08-25', b'0'),
(376, 'ED_TD_60', 700, 799, 600, 699, 214.00, '2015-08-25', b'0'),
(377, 'ED_TD_60', 700, 799, 700, 799, 224.00, '2015-08-25', b'0'),
(378, 'ED_TD_60', 700, 799, 800, 899, 234.00, '2015-08-25', b'0'),
(379, 'ED_TD_60', 700, 799, 900, 999, 244.00, '2015-08-25', b'0'),
(380, 'ED_TD_60', 700, 799, 1000, 1000, 254.00, '2015-08-25', b'0'),
(381, 'ED_TD_60', 800, 899, 500, 599, 214.00, '2015-08-25', b'0'),
(382, 'ED_TD_60', 800, 899, 600, 699, 224.00, '2015-08-25', b'0'),
(383, 'ED_TD_60', 800, 899, 700, 799, 234.00, '2015-08-25', b'0'),
(384, 'ED_TD_60', 800, 899, 800, 899, 244.00, '2015-08-25', b'0'),
(385, 'ED_TD_60', 800, 899, 900, 999, 254.00, '2015-08-25', b'0'),
(386, 'ED_TD_60', 800, 899, 1000, 1000, 265.00, '2015-08-25', b'0'),
(387, 'ED_TD_60', 900, 999, 500, 599, 224.00, '2015-08-25', b'0'),
(388, 'ED_TD_60', 900, 999, 600, 699, 234.00, '2015-08-25', b'0'),
(389, 'ED_TD_60', 900, 999, 700, 799, 244.00, '2015-08-25', b'0'),
(390, 'ED_TD_60', 900, 999, 800, 899, 254.00, '2015-08-25', b'0'),
(391, 'ED_TD_60', 900, 999, 900, 999, 264.00, '2015-08-25', b'0'),
(392, 'ED_TD_60', 900, 999, 1000, 1000, 275.00, '2015-08-25', b'0'),
(393, 'ED_TD_60', 1000, 1000, 500, 599, 234.00, '2015-08-25', b'0'),
(394, 'ED_TD_60', 1000, 1000, 600, 699, 244.00, '2015-08-25', b'0'),
(395, 'ED_TD_60', 1000, 1000, 700, 799, 254.00, '2015-08-25', b'0'),
(396, 'ED_TD_60', 1000, 1000, 800, 899, 265.00, '2015-08-25', b'0'),
(397, 'ED_TD_60', 1000, 1000, 900, 999, 275.00, '2015-08-25', b'0'),
(398, 'ED_TD_60', 1000, 1000, 1000, 1000, 285.00, '2015-08-25', b'0'),
(399, 'ED_TD_60', 500, 599, 500, 599, 184.00, '2015-08-25', b'0'),
(400, 'ED_TD_60', 500, 599, 600, 699, 194.00, '2015-08-25', b'0'),
(401, 'ED_TD_60', 500, 599, 700, 799, 204.00, '2015-08-25', b'0'),
(402, 'ED_TD_60', 500, 599, 800, 899, 214.00, '2015-08-25', b'0'),
(403, 'ED_TD_60', 500, 599, 900, 999, 224.00, '2015-08-25', b'0'),
(404, 'ED_TD_60', 500, 599, 1000, 1000, 234.00, '2015-08-25', b'0'),
(405, 'ED_TD_60', 600, 699, 500, 599, 194.00, '2015-08-25', b'0'),
(406, 'ED_TD_60', 600, 699, 600, 699, 204.00, '2015-08-25', b'0'),
(407, 'ED_TD_60', 600, 699, 700, 799, 214.00, '2015-08-25', b'0'),
(408, 'ED_TD_60', 600, 699, 800, 899, 224.00, '2015-08-25', b'0'),
(409, 'ED_TD_60', 600, 699, 900, 999, 234.00, '2015-08-25', b'0'),
(410, 'ED_TD_60', 600, 699, 1000, 1000, 244.00, '2015-08-25', b'0'),
(411, 'ED_TD_60', 700, 799, 500, 599, 204.00, '2015-08-25', b'0'),
(412, 'ED_TD_60', 700, 799, 600, 699, 214.00, '2015-08-25', b'0'),
(413, 'ED_TD_60', 700, 799, 700, 799, 224.00, '2015-08-25', b'0'),
(414, 'ED_TD_60', 700, 799, 800, 899, 234.00, '2015-08-25', b'0'),
(415, 'ED_TD_60', 700, 799, 900, 999, 244.00, '2015-08-25', b'0'),
(416, 'ED_TD_60', 700, 799, 1000, 1000, 254.00, '2015-08-25', b'0'),
(417, 'ED_TD_60', 800, 899, 500, 599, 214.00, '2015-08-25', b'0'),
(418, 'ED_TD_60', 800, 899, 600, 699, 224.00, '2015-08-25', b'0'),
(419, 'ED_TD_60', 800, 899, 700, 799, 234.00, '2015-08-25', b'0'),
(420, 'ED_TD_60', 800, 899, 800, 899, 244.00, '2015-08-25', b'0'),
(421, 'ED_TD_60', 800, 899, 900, 999, 254.00, '2015-08-25', b'0'),
(422, 'ED_TD_60', 800, 899, 1000, 1000, 265.00, '2015-08-25', b'0'),
(423, 'ED_TD_60', 900, 999, 500, 599, 224.00, '2015-08-25', b'0'),
(424, 'ED_TD_60', 900, 999, 600, 699, 234.00, '2015-08-25', b'0'),
(425, 'ED_TD_60', 900, 999, 700, 799, 244.00, '2015-08-25', b'0'),
(426, 'ED_TD_60', 900, 999, 800, 899, 254.00, '2015-08-25', b'0'),
(427, 'ED_TD_60', 900, 999, 900, 999, 264.00, '2015-08-25', b'0'),
(428, 'ED_TD_60', 900, 999, 1000, 1000, 275.00, '2015-08-25', b'0'),
(429, 'ED_TD_60', 1000, 1000, 500, 599, 234.00, '2015-08-25', b'0'),
(430, 'ED_TD_60', 1000, 1000, 600, 699, 244.00, '2015-08-25', b'0'),
(431, 'ED_TD_60', 1000, 1000, 700, 799, 254.00, '2015-08-25', b'0'),
(432, 'ED_TD_60', 1000, 1000, 800, 899, 265.00, '2015-08-25', b'0'),
(433, 'ED_TD_60', 1000, 1000, 900, 999, 275.00, '2015-08-25', b'0'),
(434, 'ED_TD_60', 1000, 1000, 1000, 1000, 285.00, '2015-08-25', b'0'),
(435, 'ED_70', 500, 599, 500, 599, 200.00, '2015-08-25', b'0'),
(436, 'ED_70', 500, 599, 600, 699, 210.00, '2015-08-25', b'0'),
(437, 'ED_70', 500, 599, 700, 799, 250.00, '2015-08-25', b'0'),
(438, 'ED_70', 500, 599, 800, 899, 255.00, '2015-08-25', b'0'),
(439, 'ED_70', 500, 599, 900, 999, 270.00, '2015-08-25', b'0'),
(440, 'ED_70', 500, 599, 1000, 1000, 234.00, '2015-08-25', b'0'),
(441, 'ED_70', 600, 699, 500, 599, 194.00, '2015-08-25', b'0'),
(442, 'ED_70', 600, 699, 600, 699, 204.00, '2015-08-25', b'0'),
(443, 'ED_70', 600, 699, 700, 799, 214.00, '2015-08-25', b'0'),
(444, 'ED_70', 600, 699, 800, 899, 224.00, '2015-08-25', b'0'),
(445, 'ED_70', 600, 699, 900, 999, 234.00, '2015-08-25', b'0'),
(446, 'ED_70', 600, 699, 1000, 1000, 244.00, '2015-08-25', b'0'),
(447, 'ED_70', 700, 799, 500, 599, 204.00, '2015-08-25', b'0'),
(448, 'ED_70', 700, 799, 600, 699, 214.00, '2015-08-25', b'0'),
(449, 'ED_70', 700, 799, 700, 799, 224.00, '2015-08-25', b'0'),
(450, 'ED_70', 700, 799, 800, 899, 234.00, '2015-08-25', b'0'),
(451, 'ED_70', 700, 799, 900, 999, 244.00, '2015-08-25', b'0'),
(452, 'ED_70', 700, 799, 1000, 1000, 254.00, '2015-08-25', b'0'),
(453, 'ED_70', 800, 899, 500, 599, 214.00, '2015-08-25', b'0'),
(454, 'ED_70', 800, 899, 600, 699, 224.00, '2015-08-25', b'0'),
(455, 'ED_70', 800, 899, 700, 799, 234.00, '2015-08-25', b'0'),
(456, 'ED_70', 800, 899, 800, 899, 244.00, '2015-08-25', b'0'),
(457, 'ED_70', 800, 899, 900, 999, 254.00, '2015-08-25', b'0'),
(458, 'ED_70', 800, 899, 1000, 1000, 265.00, '2015-08-25', b'0'),
(459, 'ED_70', 900, 999, 500, 599, 224.00, '2015-08-25', b'0'),
(460, 'ED_70', 900, 999, 600, 699, 234.00, '2015-08-25', b'0'),
(461, 'ED_70', 900, 999, 700, 799, 244.00, '2015-08-25', b'0'),
(462, 'ED_70', 900, 999, 800, 899, 254.00, '2015-08-25', b'0'),
(463, 'ED_70', 900, 999, 900, 999, 264.00, '2015-08-25', b'0'),
(464, 'ED_70', 900, 999, 1000, 1000, 275.00, '2015-08-25', b'0'),
(465, 'ED_70', 1000, 1000, 500, 599, 234.00, '2015-08-25', b'0'),
(466, 'ED_70', 1000, 1000, 600, 699, 244.00, '2015-08-25', b'0'),
(467, 'ED_70', 1000, 1000, 700, 799, 254.00, '2015-08-25', b'0'),
(468, 'ED_70', 1000, 1000, 800, 899, 265.00, '2015-08-25', b'0'),
(469, 'ED_70', 1000, 1000, 900, 999, 275.00, '2015-08-25', b'0'),
(470, 'ED_70', 1000, 1000, 1000, 1000, 285.00, '2015-08-25', b'0'),
(471, 'ED_TD_60', 500, 599, 500, 599, 184.00, '2015-08-25', b'0'),
(472, 'ED_TD_60', 500, 599, 600, 699, 194.00, '2015-08-25', b'0'),
(473, 'ED_TD_60', 500, 599, 700, 799, 204.00, '2015-08-25', b'0'),
(474, 'ED_TD_60', 500, 599, 800, 899, 214.00, '2015-08-25', b'0'),
(475, 'ED_TD_60', 500, 599, 900, 999, 224.00, '2015-08-25', b'0'),
(476, 'ED_TD_60', 500, 599, 1000, 1000, 234.00, '2015-08-25', b'0'),
(477, 'ED_TD_60', 600, 699, 500, 599, 194.00, '2015-08-25', b'0'),
(478, 'ED_TD_60', 600, 699, 600, 699, 204.00, '2015-08-25', b'0'),
(479, 'ED_TD_60', 600, 699, 700, 799, 214.00, '2015-08-25', b'0'),
(480, 'ED_TD_60', 600, 699, 800, 899, 224.00, '2015-08-25', b'0'),
(481, 'ED_TD_60', 600, 699, 900, 999, 234.00, '2015-08-25', b'0'),
(482, 'ED_TD_60', 600, 699, 1000, 1000, 244.00, '2015-08-25', b'0'),
(483, 'ED_TD_60', 700, 799, 500, 599, 204.00, '2015-08-25', b'0'),
(484, 'ED_TD_60', 700, 799, 600, 699, 214.00, '2015-08-25', b'0'),
(485, 'ED_TD_60', 700, 799, 700, 799, 224.00, '2015-08-25', b'0'),
(486, 'ED_TD_60', 700, 799, 800, 899, 234.00, '2015-08-25', b'0'),
(487, 'ED_TD_60', 700, 799, 900, 999, 244.00, '2015-08-25', b'0'),
(488, 'ED_TD_60', 700, 799, 1000, 1000, 254.00, '2015-08-25', b'0'),
(489, 'ED_TD_60', 800, 899, 500, 599, 214.00, '2015-08-25', b'0'),
(490, 'ED_TD_60', 800, 899, 600, 699, 224.00, '2015-08-25', b'0'),
(491, 'ED_TD_60', 800, 899, 700, 799, 234.00, '2015-08-25', b'0'),
(492, 'ED_TD_60', 800, 899, 800, 899, 244.00, '2015-08-25', b'0'),
(493, 'ED_TD_60', 800, 899, 900, 999, 254.00, '2015-08-25', b'0'),
(494, 'ED_TD_60', 800, 899, 1000, 1000, 265.00, '2015-08-25', b'0'),
(495, 'ED_TD_60', 900, 999, 500, 599, 224.00, '2015-08-25', b'0'),
(496, 'ED_TD_60', 900, 999, 600, 699, 234.00, '2015-08-25', b'0'),
(497, 'ED_TD_60', 900, 999, 700, 799, 244.00, '2015-08-25', b'0'),
(498, 'ED_TD_60', 900, 999, 800, 899, 254.00, '2015-08-25', b'0'),
(499, 'ED_TD_60', 900, 999, 900, 999, 264.00, '2015-08-25', b'0'),
(500, 'ED_TD_60', 900, 999, 1000, 1000, 275.00, '2015-08-25', b'0'),
(501, 'ED_TD_60', 1000, 1000, 500, 599, 234.00, '2015-08-25', b'0'),
(502, 'ED_TD_60', 1000, 1000, 600, 699, 244.00, '2015-08-25', b'0'),
(503, 'ED_TD_60', 1000, 1000, 700, 799, 254.00, '2015-08-25', b'0'),
(504, 'ED_TD_60', 1000, 1000, 800, 899, 265.00, '2015-08-25', b'0'),
(505, 'ED_TD_60', 1000, 1000, 900, 999, 275.00, '2015-08-25', b'0'),
(506, 'ED_TD_60', 1000, 1000, 1000, 1000, 285.00, '2015-08-25', b'0'),
(507, 'ED_TD_60', 500, 599, 500, 599, 184.00, '2015-08-25', b'0'),
(508, 'ED_TD_60', 500, 599, 600, 699, 194.00, '2015-08-25', b'0'),
(509, 'ED_TD_60', 500, 599, 700, 799, 204.00, '2015-08-25', b'0'),
(510, 'ED_TD_60', 500, 599, 800, 899, 214.00, '2015-08-25', b'0'),
(511, 'ED_TD_60', 500, 599, 900, 999, 224.00, '2015-08-25', b'0'),
(512, 'ED_TD_60', 500, 599, 1000, 1000, 234.00, '2015-08-25', b'0'),
(513, 'ED_TD_60', 600, 699, 500, 599, 194.00, '2015-08-25', b'0'),
(514, 'ED_TD_60', 600, 699, 600, 699, 204.00, '2015-08-25', b'0'),
(515, 'ED_TD_60', 600, 699, 700, 799, 214.00, '2015-08-25', b'0'),
(516, 'ED_TD_60', 600, 699, 800, 899, 224.00, '2015-08-25', b'0'),
(517, 'ED_TD_60', 600, 699, 900, 999, 234.00, '2015-08-25', b'0'),
(518, 'ED_TD_60', 600, 699, 1000, 1000, 244.00, '2015-08-25', b'0'),
(519, 'ED_TD_60', 700, 799, 500, 599, 204.00, '2015-08-25', b'0'),
(520, 'ED_TD_60', 700, 799, 600, 699, 214.00, '2015-08-25', b'0'),
(521, 'ED_TD_60', 700, 799, 700, 799, 224.00, '2015-08-25', b'0'),
(522, 'ED_TD_60', 700, 799, 800, 899, 234.00, '2015-08-25', b'0'),
(523, 'ED_TD_60', 700, 799, 900, 999, 244.00, '2015-08-25', b'0'),
(524, 'ED_TD_60', 700, 799, 1000, 1000, 254.00, '2015-08-25', b'0'),
(525, 'ED_TD_60', 800, 899, 500, 599, 214.00, '2015-08-25', b'0'),
(526, 'ED_TD_60', 800, 899, 600, 699, 224.00, '2015-08-25', b'0'),
(527, 'ED_TD_60', 800, 899, 700, 799, 234.00, '2015-08-25', b'0'),
(528, 'ED_TD_60', 800, 899, 800, 899, 244.00, '2015-08-25', b'0'),
(529, 'ED_TD_60', 800, 899, 900, 999, 254.00, '2015-08-25', b'0'),
(530, 'ED_TD_60', 800, 899, 1000, 1000, 265.00, '2015-08-25', b'0'),
(531, 'ED_TD_60', 900, 999, 500, 599, 224.00, '2015-08-25', b'0'),
(532, 'ED_TD_60', 900, 999, 600, 699, 234.00, '2015-08-25', b'0'),
(533, 'ED_TD_60', 900, 999, 700, 799, 244.00, '2015-08-25', b'0'),
(534, 'ED_TD_60', 900, 999, 800, 899, 254.00, '2015-08-25', b'0'),
(535, 'ED_TD_60', 900, 999, 900, 999, 264.00, '2015-08-25', b'0'),
(536, 'ED_TD_60', 900, 999, 1000, 1000, 275.00, '2015-08-25', b'0'),
(537, 'ED_TD_60', 1000, 1000, 500, 599, 234.00, '2015-08-25', b'0'),
(538, 'ED_TD_60', 1000, 1000, 600, 699, 244.00, '2015-08-25', b'0'),
(539, 'ED_TD_60', 1000, 1000, 700, 799, 254.00, '2015-08-25', b'0'),
(540, 'ED_TD_60', 1000, 1000, 800, 899, 265.00, '2015-08-25', b'0'),
(541, 'ED_TD_60', 1000, 1000, 900, 999, 275.00, '2015-08-25', b'0'),
(542, 'ED_TD_60', 1000, 1000, 1000, 1000, 285.00, '2015-08-25', b'0'),
(543, 'ED_TD_60', 500, 599, 500, 599, 200.00, '2015-08-25', b'0'),
(544, 'ED_TD_60', 500, 599, 600, 699, 210.00, '2015-08-25', b'0'),
(545, 'ED_TD_60', 500, 599, 700, 799, 250.00, '2015-08-25', b'0'),
(546, 'ED_TD_60', 500, 599, 800, 899, 255.00, '2015-08-25', b'0'),
(547, 'ED_TD_60', 500, 599, 900, 999, 270.00, '2015-08-25', b'0'),
(548, 'ED_TD_60', 500, 599, 1000, 1000, 234.00, '2015-08-25', b'0'),
(549, 'ED_TD_60', 600, 699, 500, 599, 194.00, '2015-08-25', b'0'),
(550, 'ED_TD_60', 600, 699, 600, 699, 204.00, '2015-08-25', b'0'),
(551, 'ED_TD_60', 600, 699, 700, 799, 214.00, '2015-08-25', b'0'),
(552, 'ED_TD_60', 600, 699, 800, 899, 224.00, '2015-08-25', b'0'),
(553, 'ED_TD_60', 600, 699, 900, 999, 234.00, '2015-08-25', b'0'),
(554, 'ED_TD_60', 600, 699, 1000, 1000, 244.00, '2015-08-25', b'0'),
(555, 'ED_TD_60', 700, 799, 500, 599, 204.00, '2015-08-25', b'0'),
(556, 'ED_TD_60', 700, 799, 600, 699, 214.00, '2015-08-25', b'0'),
(557, 'ED_TD_60', 700, 799, 700, 799, 224.00, '2015-08-25', b'0'),
(558, 'ED_TD_60', 700, 799, 800, 899, 234.00, '2015-08-25', b'0'),
(559, 'ED_TD_60', 700, 799, 900, 999, 244.00, '2015-08-25', b'0'),
(560, 'ED_TD_60', 700, 799, 1000, 1000, 254.00, '2015-08-25', b'0'),
(561, 'ED_TD_60', 800, 899, 500, 599, 214.00, '2015-08-25', b'0'),
(562, 'ED_TD_60', 800, 899, 600, 699, 224.00, '2015-08-25', b'0'),
(563, 'ED_TD_60', 800, 899, 700, 799, 234.00, '2015-08-25', b'0'),
(564, 'ED_TD_60', 800, 899, 800, 899, 244.00, '2015-08-25', b'0'),
(565, 'ED_TD_60', 800, 899, 900, 999, 254.00, '2015-08-25', b'0'),
(566, 'ED_TD_60', 800, 899, 1000, 1000, 265.00, '2015-08-25', b'0'),
(567, 'ED_TD_60', 900, 999, 500, 599, 224.00, '2015-08-25', b'0'),
(568, 'ED_TD_60', 900, 999, 600, 699, 234.00, '2015-08-25', b'0'),
(569, 'ED_TD_60', 900, 999, 700, 799, 244.00, '2015-08-25', b'0'),
(570, 'ED_TD_60', 900, 999, 800, 899, 254.00, '2015-08-25', b'0'),
(571, 'ED_TD_60', 900, 999, 900, 999, 264.00, '2015-08-25', b'0'),
(572, 'ED_TD_60', 900, 999, 1000, 1000, 275.00, '2015-08-25', b'0'),
(573, 'ED_TD_60', 1000, 1000, 500, 599, 234.00, '2015-08-25', b'0'),
(574, 'ED_TD_60', 1000, 1000, 600, 699, 244.00, '2015-08-25', b'0'),
(575, 'ED_TD_60', 1000, 1000, 700, 799, 254.00, '2015-08-25', b'0'),
(576, 'ED_TD_60', 1000, 1000, 800, 899, 265.00, '2015-08-25', b'0'),
(577, 'ED_TD_60', 1000, 1000, 900, 999, 275.00, '2015-08-25', b'0'),
(578, 'ED_TD_60', 1000, 1000, 1000, 1000, 285.00, '2015-08-25', b'0'),
(579, 'ED_TD_60', 500, 599, 500, 599, 184.00, '2015-08-25', b'0'),
(580, 'ED_TD_60', 500, 599, 600, 699, 194.00, '2015-08-25', b'0'),
(581, 'ED_TD_60', 500, 599, 700, 799, 204.00, '2015-08-25', b'0'),
(582, 'ED_TD_60', 500, 599, 800, 899, 214.00, '2015-08-25', b'0'),
(583, 'ED_TD_60', 500, 599, 900, 999, 224.00, '2015-08-25', b'0'),
(584, 'ED_TD_60', 500, 599, 1000, 1000, 234.00, '2015-08-25', b'0'),
(585, 'ED_TD_60', 600, 699, 500, 599, 194.00, '2015-08-25', b'0'),
(586, 'ED_TD_60', 600, 699, 600, 699, 204.00, '2015-08-25', b'0'),
(587, 'ED_TD_60', 600, 699, 700, 799, 214.00, '2015-08-25', b'0'),
(588, 'ED_TD_60', 600, 699, 800, 899, 224.00, '2015-08-25', b'0'),
(589, 'ED_TD_60', 600, 699, 900, 999, 234.00, '2015-08-25', b'0'),
(590, 'ED_TD_60', 600, 699, 1000, 1000, 244.00, '2015-08-25', b'0'),
(591, 'ED_TD_60', 700, 799, 500, 599, 204.00, '2015-08-25', b'0'),
(592, 'ED_TD_60', 700, 799, 600, 699, 214.00, '2015-08-25', b'0'),
(593, 'ED_TD_60', 700, 799, 700, 799, 224.00, '2015-08-25', b'0'),
(594, 'ED_TD_60', 700, 799, 800, 899, 234.00, '2015-08-25', b'0'),
(595, 'ED_TD_60', 700, 799, 900, 999, 244.00, '2015-08-25', b'0'),
(596, 'ED_TD_60', 700, 799, 1000, 1000, 254.00, '2015-08-25', b'0'),
(597, 'ED_TD_60', 800, 899, 500, 599, 214.00, '2015-08-25', b'0'),
(598, 'ED_TD_60', 800, 899, 600, 699, 224.00, '2015-08-25', b'0'),
(599, 'ED_TD_60', 800, 899, 700, 799, 234.00, '2015-08-25', b'0'),
(600, 'ED_TD_60', 800, 899, 800, 899, 244.00, '2015-08-25', b'0'),
(601, 'ED_TD_60', 800, 899, 900, 999, 254.00, '2015-08-25', b'0'),
(602, 'ED_TD_60', 800, 899, 1000, 1000, 265.00, '2015-08-25', b'0'),
(603, 'ED_TD_60', 900, 999, 500, 599, 224.00, '2015-08-25', b'0'),
(604, 'ED_TD_60', 900, 999, 600, 699, 234.00, '2015-08-25', b'0'),
(605, 'ED_TD_60', 900, 999, 700, 799, 244.00, '2015-08-25', b'0'),
(606, 'ED_TD_60', 900, 999, 800, 899, 254.00, '2015-08-25', b'0'),
(607, 'ED_TD_60', 900, 999, 900, 999, 264.00, '2015-08-25', b'0'),
(608, 'ED_TD_60', 900, 999, 1000, 1000, 275.00, '2015-08-25', b'0'),
(609, 'ED_TD_60', 1000, 1000, 500, 599, 234.00, '2015-08-25', b'0'),
(610, 'ED_TD_60', 1000, 1000, 600, 699, 244.00, '2015-08-25', b'0'),
(611, 'ED_TD_60', 1000, 1000, 700, 799, 254.00, '2015-08-25', b'0'),
(612, 'ED_TD_60', 1000, 1000, 800, 899, 265.00, '2015-08-25', b'0'),
(613, 'ED_TD_60', 1000, 1000, 900, 999, 275.00, '2015-08-25', b'0'),
(614, 'ED_TD_60', 1000, 1000, 1000, 1000, 285.00, '2015-08-25', b'0'),
(615, 'ED_TD_60', 500, 599, 500, 599, 184.00, '2015-08-25', b'1'),
(616, 'ED_TD_60', 500, 599, 600, 699, 194.00, '2015-08-25', b'1'),
(617, 'ED_TD_60', 500, 599, 700, 799, 204.00, '2015-08-25', b'1'),
(618, 'ED_TD_60', 500, 599, 800, 899, 214.00, '2015-08-25', b'1'),
(619, 'ED_TD_60', 500, 599, 900, 999, 224.00, '2015-08-25', b'1'),
(620, 'ED_TD_60', 500, 599, 1000, 1000, 234.00, '2015-08-25', b'1'),
(621, 'ED_TD_60', 600, 699, 500, 599, 194.00, '2015-08-25', b'1'),
(622, 'ED_TD_60', 600, 699, 600, 699, 204.00, '2015-08-25', b'1'),
(623, 'ED_TD_60', 600, 699, 700, 799, 214.00, '2015-08-25', b'1'),
(624, 'ED_TD_60', 600, 699, 800, 899, 224.00, '2015-08-25', b'1'),
(625, 'ED_TD_60', 600, 699, 900, 999, 234.00, '2015-08-25', b'1'),
(626, 'ED_TD_60', 600, 699, 1000, 1000, 244.00, '2015-08-25', b'1'),
(627, 'ED_TD_60', 700, 799, 500, 599, 204.00, '2015-08-25', b'1'),
(628, 'ED_TD_60', 700, 799, 600, 699, 214.00, '2015-08-25', b'1'),
(629, 'ED_TD_60', 700, 799, 700, 799, 224.00, '2015-08-25', b'1'),
(630, 'ED_TD_60', 700, 799, 800, 899, 234.00, '2015-08-25', b'1'),
(631, 'ED_TD_60', 700, 799, 900, 999, 244.00, '2015-08-25', b'1'),
(632, 'ED_TD_60', 700, 799, 1000, 1000, 254.00, '2015-08-25', b'1'),
(633, 'ED_TD_60', 800, 899, 500, 599, 214.00, '2015-08-25', b'1'),
(634, 'ED_TD_60', 800, 899, 600, 699, 224.00, '2015-08-25', b'1'),
(635, 'ED_TD_60', 800, 899, 700, 799, 234.00, '2015-08-25', b'1'),
(636, 'ED_TD_60', 800, 899, 800, 899, 244.00, '2015-08-25', b'1'),
(637, 'ED_TD_60', 800, 899, 900, 999, 254.00, '2015-08-25', b'1'),
(638, 'ED_TD_60', 800, 899, 1000, 1000, 265.00, '2015-08-25', b'1'),
(639, 'ED_TD_60', 900, 999, 500, 599, 224.00, '2015-08-25', b'1'),
(640, 'ED_TD_60', 900, 999, 600, 699, 234.00, '2015-08-25', b'1'),
(641, 'ED_TD_60', 900, 999, 700, 799, 244.00, '2015-08-25', b'1'),
(642, 'ED_TD_60', 900, 999, 800, 899, 254.00, '2015-08-25', b'1'),
(643, 'ED_TD_60', 900, 999, 900, 999, 264.00, '2015-08-25', b'1'),
(644, 'ED_TD_60', 900, 999, 1000, 1000, 275.00, '2015-08-25', b'1'),
(645, 'ED_TD_60', 1000, 1000, 500, 599, 234.00, '2015-08-25', b'1'),
(646, 'ED_TD_60', 1000, 1000, 600, 699, 244.00, '2015-08-25', b'1'),
(647, 'ED_TD_60', 1000, 1000, 700, 799, 254.00, '2015-08-25', b'1'),
(648, 'ED_TD_60', 1000, 1000, 800, 899, 265.00, '2015-08-25', b'1'),
(649, 'ED_TD_60', 1000, 1000, 900, 999, 275.00, '2015-08-25', b'1'),
(650, 'ED_TD_60', 1000, 1000, 1000, 1000, 285.00, '2015-08-25', b'1'),
(651, 'ED_70', 500, 599, 500, 599, 200.00, '2015-08-25', b'0'),
(652, 'ED_70', 500, 599, 600, 699, 210.00, '2015-08-25', b'0'),
(653, 'ED_70', 500, 599, 700, 799, 250.00, '2015-08-25', b'0'),
(654, 'ED_70', 500, 599, 800, 899, 255.00, '2015-08-25', b'0'),
(655, 'ED_70', 500, 599, 900, 999, 270.00, '2015-08-25', b'0'),
(656, 'ED_70', 500, 599, 1000, 1000, 234.00, '2015-08-25', b'0'),
(657, 'ED_70', 600, 699, 500, 599, 194.00, '2015-08-25', b'0'),
(658, 'ED_70', 600, 699, 600, 699, 204.00, '2015-08-25', b'0'),
(659, 'ED_70', 600, 699, 700, 799, 214.00, '2015-08-25', b'0'),
(660, 'ED_70', 600, 699, 800, 899, 224.00, '2015-08-25', b'0'),
(661, 'ED_70', 600, 699, 900, 999, 234.00, '2015-08-25', b'0'),
(662, 'ED_70', 600, 699, 1000, 1000, 244.00, '2015-08-25', b'0'),
(663, 'ED_70', 700, 799, 500, 599, 204.00, '2015-08-25', b'0'),
(664, 'ED_70', 700, 799, 600, 699, 214.00, '2015-08-25', b'0'),
(665, 'ED_70', 700, 799, 700, 799, 224.00, '2015-08-25', b'0'),
(666, 'ED_70', 700, 799, 800, 899, 234.00, '2015-08-25', b'0'),
(667, 'ED_70', 700, 799, 900, 999, 244.00, '2015-08-25', b'0'),
(668, 'ED_70', 700, 799, 1000, 1000, 254.00, '2015-08-25', b'0'),
(669, 'ED_70', 800, 899, 500, 599, 214.00, '2015-08-25', b'0'),
(670, 'ED_70', 800, 899, 600, 699, 224.00, '2015-08-25', b'0'),
(671, 'ED_70', 800, 899, 700, 799, 234.00, '2015-08-25', b'0'),
(672, 'ED_70', 800, 899, 800, 899, 244.00, '2015-08-25', b'0'),
(673, 'ED_70', 800, 899, 900, 999, 254.00, '2015-08-25', b'0'),
(674, 'ED_70', 800, 899, 1000, 1000, 265.00, '2015-08-25', b'0'),
(675, 'ED_70', 900, 999, 500, 599, 224.00, '2015-08-25', b'0'),
(676, 'ED_70', 900, 999, 600, 699, 234.00, '2015-08-25', b'0'),
(677, 'ED_70', 900, 999, 700, 799, 244.00, '2015-08-25', b'0'),
(678, 'ED_70', 900, 999, 800, 899, 254.00, '2015-08-25', b'0'),
(679, 'ED_70', 900, 999, 900, 999, 264.00, '2015-08-25', b'0'),
(680, 'ED_70', 900, 999, 1000, 1000, 275.00, '2015-08-25', b'0'),
(681, 'ED_70', 1000, 1000, 500, 599, 234.00, '2015-08-25', b'0'),
(682, 'ED_70', 1000, 1000, 600, 699, 244.00, '2015-08-25', b'0'),
(683, 'ED_70', 1000, 1000, 700, 799, 254.00, '2015-08-25', b'0'),
(684, 'ED_70', 1000, 1000, 800, 899, 265.00, '2015-08-25', b'0'),
(685, 'ED_70', 1000, 1000, 900, 999, 275.00, '2015-08-25', b'0'),
(686, 'ED_70', 1000, 1000, 1000, 1000, 285.00, '2015-08-25', b'0'),
(687, 'ED_70', 500, 599, 500, 599, 200.00, '2015-08-25', b'0'),
(688, 'ED_70', 500, 599, 600, 699, 210.00, '2015-08-25', b'0'),
(689, 'ED_70', 500, 599, 700, 799, 250.00, '2015-08-25', b'0'),
(690, 'ED_70', 500, 599, 800, 899, 255.00, '2015-08-25', b'0'),
(691, 'ED_70', 500, 599, 900, 999, 270.00, '2015-08-25', b'0'),
(692, 'ED_70', 500, 599, 1000, 1000, 234.00, '2015-08-25', b'0'),
(693, 'ED_70', 600, 699, 500, 599, 194.00, '2015-08-25', b'0'),
(694, 'ED_70', 600, 699, 600, 699, 204.00, '2015-08-25', b'0'),
(695, 'ED_70', 600, 699, 700, 799, 214.00, '2015-08-25', b'0'),
(696, 'ED_70', 600, 699, 800, 899, 224.00, '2015-08-25', b'0'),
(697, 'ED_70', 600, 699, 900, 999, 234.00, '2015-08-25', b'0'),
(698, 'ED_70', 600, 699, 1000, 1000, 244.00, '2015-08-25', b'0'),
(699, 'ED_70', 700, 799, 500, 599, 204.00, '2015-08-25', b'0'),
(700, 'ED_70', 700, 799, 600, 699, 214.00, '2015-08-25', b'0'),
(701, 'ED_70', 700, 799, 700, 799, 224.00, '2015-08-25', b'0'),
(702, 'ED_70', 700, 799, 800, 899, 234.00, '2015-08-25', b'0'),
(703, 'ED_70', 700, 799, 900, 999, 244.00, '2015-08-25', b'0'),
(704, 'ED_70', 700, 799, 1000, 1000, 254.00, '2015-08-25', b'0'),
(705, 'ED_70', 800, 899, 500, 599, 214.00, '2015-08-25', b'0'),
(706, 'ED_70', 800, 899, 600, 699, 224.00, '2015-08-25', b'0'),
(707, 'ED_70', 800, 899, 700, 799, 234.00, '2015-08-25', b'0'),
(708, 'ED_70', 800, 899, 800, 899, 244.00, '2015-08-25', b'0'),
(709, 'ED_70', 800, 899, 900, 999, 254.00, '2015-08-25', b'0'),
(710, 'ED_70', 800, 899, 1000, 1000, 265.00, '2015-08-25', b'0'),
(711, 'ED_70', 900, 999, 500, 599, 224.00, '2015-08-25', b'0'),
(712, 'ED_70', 900, 999, 600, 699, 234.00, '2015-08-25', b'0'),
(713, 'ED_70', 900, 999, 700, 799, 244.00, '2015-08-25', b'0'),
(714, 'ED_70', 900, 999, 800, 899, 254.00, '2015-08-25', b'0'),
(715, 'ED_70', 900, 999, 900, 999, 264.00, '2015-08-25', b'0'),
(716, 'ED_70', 900, 999, 1000, 1000, 275.00, '2015-08-25', b'0'),
(717, 'ED_70', 1000, 1000, 500, 599, 234.00, '2015-08-25', b'0'),
(718, 'ED_70', 1000, 1000, 600, 699, 244.00, '2015-08-25', b'0'),
(719, 'ED_70', 1000, 1000, 700, 799, 254.00, '2015-08-25', b'0'),
(720, 'ED_70', 1000, 1000, 800, 899, 265.00, '2015-08-25', b'0'),
(721, 'ED_70', 1000, 1000, 900, 999, 275.00, '2015-08-25', b'0'),
(722, 'ED_70', 1000, 1000, 1000, 1000, 285.00, '2015-08-25', b'0'),
(723, 'ED_70', 500, 599, 500, 599, 200.00, '2015-08-25', b'1'),
(724, 'ED_70', 500, 599, 600, 699, 210.00, '2015-08-25', b'1'),
(725, 'ED_70', 500, 599, 700, 799, 250.00, '2015-08-25', b'1'),
(726, 'ED_70', 500, 599, 800, 899, 255.00, '2015-08-25', b'1'),
(727, 'ED_70', 500, 599, 900, 999, 270.00, '2015-08-25', b'1'),
(728, 'ED_70', 500, 599, 1000, 1000, 234.00, '2015-08-25', b'1'),
(729, 'ED_70', 600, 699, 500, 599, 194.00, '2015-08-25', b'1'),
(730, 'ED_70', 600, 699, 600, 699, 204.00, '2015-08-25', b'1'),
(731, 'ED_70', 600, 699, 700, 799, 214.00, '2015-08-25', b'1'),
(732, 'ED_70', 600, 699, 800, 899, 224.00, '2015-08-25', b'1'),
(733, 'ED_70', 600, 699, 900, 999, 234.00, '2015-08-25', b'1'),
(734, 'ED_70', 600, 699, 1000, 1000, 244.00, '2015-08-25', b'1'),
(735, 'ED_70', 700, 799, 500, 599, 204.00, '2015-08-25', b'1'),
(736, 'ED_70', 700, 799, 600, 699, 214.00, '2015-08-25', b'1'),
(737, 'ED_70', 700, 799, 700, 799, 224.00, '2015-08-25', b'1'),
(738, 'ED_70', 700, 799, 800, 899, 234.00, '2015-08-25', b'1'),
(739, 'ED_70', 700, 799, 900, 999, 244.00, '2015-08-25', b'1'),
(740, 'ED_70', 700, 799, 1000, 1000, 254.00, '2015-08-25', b'1'),
(741, 'ED_70', 800, 899, 500, 599, 214.00, '2015-08-25', b'1'),
(742, 'ED_70', 800, 899, 600, 699, 224.00, '2015-08-25', b'1'),
(743, 'ED_70', 800, 899, 700, 799, 234.00, '2015-08-25', b'1'),
(744, 'ED_70', 800, 899, 800, 899, 244.00, '2015-08-25', b'1'),
(745, 'ED_70', 800, 899, 900, 999, 254.00, '2015-08-25', b'1'),
(746, 'ED_70', 800, 899, 1000, 1000, 265.00, '2015-08-25', b'1'),
(747, 'ED_70', 900, 999, 500, 599, 224.00, '2015-08-25', b'1'),
(748, 'ED_70', 900, 999, 600, 699, 234.00, '2015-08-25', b'1'),
(749, 'ED_70', 900, 999, 700, 799, 244.00, '2015-08-25', b'1'),
(750, 'ED_70', 900, 999, 800, 899, 254.00, '2015-08-25', b'1'),
(751, 'ED_70', 900, 999, 900, 999, 264.00, '2015-08-25', b'1'),
(752, 'ED_70', 900, 999, 1000, 1000, 275.00, '2015-08-25', b'1'),
(753, 'ED_70', 1000, 1000, 500, 599, 234.00, '2015-08-25', b'1'),
(754, 'ED_70', 1000, 1000, 600, 699, 244.00, '2015-08-25', b'1'),
(755, 'ED_70', 1000, 1000, 700, 799, 254.00, '2015-08-25', b'1'),
(756, 'ED_70', 1000, 1000, 800, 899, 265.00, '2015-08-25', b'1'),
(757, 'ED_70', 1000, 1000, 900, 999, 275.00, '2015-08-25', b'1'),
(758, 'ED_70', 1000, 1000, 1000, 1000, 285.00, '2015-08-25', b'1');

--
-- Ограничения внешнего ключа сохраненных таблиц
--

--
-- Ограничения внешнего ключа таблицы `users_groups`
--
ALTER TABLE `users_groups`
  ADD CONSTRAINT `fk_users_groups_groups1` FOREIGN KEY (`group_id`) REFERENCES `groups` (`id`) ON DELETE CASCADE ON UPDATE NO ACTION,
  ADD CONSTRAINT `fk_users_groups_users1` FOREIGN KEY (`user_id`) REFERENCES `users` (`id`) ON DELETE CASCADE ON UPDATE NO ACTION;

/*!40101 SET CHARACTER_SET_CLIENT=@OLD_CHARACTER_SET_CLIENT */;
/*!40101 SET CHARACTER_SET_RESULTS=@OLD_CHARACTER_SET_RESULTS */;
/*!40101 SET COLLATION_CONNECTION=@OLD_COLLATION_CONNECTION */;
